stipulationid,share,boilerplate
TMC001,1.0,True
038,0.9999394233099104,True
SCHOOL,0.9999394233099104,True
ODV,0.9999394233099104,True
NOISE1,0.9999394233099104,True
103,0.999818269929731,True
012,0.9996971165495517,True
091,0.9808577659316695,True
066,0.9589290041192149,True
078,0.8242670220499152,False
016,0.696147322510298,False
PAPER1,0.6474436636782166,False
107,0.6319966077053549,False
101,0.49412406106130363,False
013,0.48431063726677975,False
022,0.46928761812454567,False
111,0.4602616913011873,False
011,0.3180881996607705,False
STFURN,0.3142112914950327,False
106,0.2829537194087715,False
037,0.2802277683547371,False
104,0.26896050399806154,False
074,0.20008480736612552,False
072,0.17633874485098133,False
023,0.16058880542767143,False
BIKE02,0.11115822631451418,False
027,0.09280348921734917,False
BIKE01,0.09177368548582505,False
BSHLTR,0.08850254422098376,False
BIKESH,0.08286891204264599,False
OCMC92,0.07850739035619093,False
087,0.07402471528955658,False
BIKE03,0.0666949357887085,False
019,0.06269687424279137,False
BIOSW1,0.061909377271625876,False
VAR001,0.05912284952750182,False
035,0.058274775866246666,False
014,0.057184395444632906,False
025,0.048764235522171066,False
024,0.048219045311364186,False
MTRPRK,0.04597770777804701,False
083,0.04567482432759874,False
OCMC17,0.03889023503755755,False
OCMC95,0.034346983280833535,False
901,0.03307487278895081,False
102,0.03222679912769566,False
410,0.027320087230433727,False
TFHV24,0.026896050399806155,False
204,0.025018173007026898,False
AUTHPK,0.023746062515144172,False
BRIDGE,0.023140295614247637,False
029,0.020293191180033924,False
082,0.01968742427913739,False
SE1888,0.01768839350617882,False
015,0.017385510055730555,False
SE5W84,0.016052822873758178,False
REDBUS,0.01453840562151684,False
OCMC19,0.014296098861158226,False
902,0.014235522171068573,False
STP001,0.014235522171068573,False
SE2S31,0.013690331960261691,False
SE2S28,0.013629755270172038,False
039,0.01314514174945481,False
086,0.012599951538647928,False
SE91A8,0.012478798158468621,False
SE1S69,0.012418221468378968,False
GRNBIK,0.01193360794766174,False
SE61B9,0.01193360794766174,False
SE62B1,0.011509571117034165,False
BENCH1,0.011448994426944512,False
020,0.011024957596316937,False
BIKE04,0.010782650835958323,False
SE68V9,0.010540344075599709,False
PLZ001,0.010419190695420402,False
OCMC20,0.010176883935061788,False
088,0.01005573055488248,False
071,0.00987400048461352,False
110,0.009571117034165253,False
SE73K7,0.009268233583716985,False
SE48K9,0.009268233583716985,False
SE0H81,0.008904773443179064,False
018,0.008904773443179064,False
OCMC12,0.00884419675308941,False
116,0.00866246668282045,False
PEDRMP,0.00866246668282045,False
SEU647,0.008541313302641143,False
SE4H54,0.00848073661255149,False
112,0.008299006542282529,False
SE73K6,0.008299006542282529,False
SE4H53,0.008177853162103222,False
SE39Y9,0.007450932881027381,False
SE39Y8,0.007026896050399806,False
CARSH,0.006966319360310153,False
048,0.006239399079234311,False
050,0.00605766900896535,False
021,0.0058759389386963895,False
SE84B3,0.0057547855585170825,False
SE00N3,0.005694208868427429,False
047,0.005573055488248122,False
060,0.005330748727889508,False
SE6931,0.005209595347710201,False
SE18N7,0.004967288587351587,False
COVID,0.004967288587351587,False
017,0.004967288587351587,False
221,0.00484613520717228,False
OCMC09,0.004785558517082626,False
SE7342,0.004482675066634359,False
L00007,0.004482675066634359,False
SE75A0,0.003937484855827477,False
SE8R89,0.003876908165737824,False
SE1B37,0.0038163314756481707,False
SE48U5,0.00363460140537921,False
SE7H33,0.0035740247152895566,False
SE6I74,0.0032105645747516356,False
049,0.0029682578143930215,False
SE5R14,0.0029682578143930215,False
SE58A6,0.0027259510540344075,False
SE5G32,0.0024836442936757934,False
SE94J1,0.0024836442936757934,False
SE4S39,0.00242306760358614,False
SE4G93,0.00242306760358614,False
SEA059,0.00242306760358614,False
HIQA01,0.00242306760358614,False
SE22P2,0.00242306760358614,False
SE08B7,0.0023624909134964864,False
028,0.0023624909134964864,False
034,0.002301914223406833,False
065,0.002301914223406833,False
SE7O64,0.002301914223406833,False
031,0.002301914223406833,False
SE48Q1,0.002180760843227526,False
SE54A4,0.002180760843227526,False
SE3R77,0.002180760843227526,False
SE6U47,0.0021201841531378724,False
SE466A,0.0021201841531378724,False
SE1J42,0.002059607463048219,False
SE1V71,0.002059607463048219,False
SE1R06,0.0019990307729585654,False
SE1S70,0.001938454082868912,False
SE6H89,0.001938454082868912,False
BCLAY1,0.0018778773927792586,False
SE1R20,0.0018778773927792586,False
SE80G0,0.0018778773927792586,False
SE06F5,0.001817300702689605,False
SE03C7,0.001817300702689605,False
SE88A7,0.001817300702689605,False
SE45A3,0.001817300702689605,False
SE8S94,0.001817300702689605,False
SE73D0,0.0017567240125999516,False
SE95D2,0.0017567240125999516,False
033,0.0017567240125999516,False
SE39K4,0.001696147322510298,False
OCMC90,0.001696147322510298,False
SE1I72,0.001696147322510298,False
SE9H20,0.001696147322510298,False
SE32B0,0.001696147322510298,False
SE3G84,0.0016355706324206445,False
SE48Q0,0.0016355706324206445,False
SE3S72,0.001574993942330991,False
SE6W03,0.001574993942330991,False
SE56O9,0.0015144172522413375,False
SE6U45,0.0015144172522413375,False
TFHVDO,0.0015144172522413375,False
SE56O0,0.001453840562151684,False
SE56P0,0.001453840562151684,False
SE24N1,0.001453840562151684,False
SE6Z58,0.001453840562151684,False
SE7J30,0.0013932638720620305,False
SE0U63,0.0013932638720620305,False
SE72D9,0.0013932638720620305,False
SE4Y84,0.0013932638720620305,False
SE3G51,0.001332687181972377,False
SE10Q0,0.001332687181972377,False
SE55H9,0.001332687181972377,False
SE4R94,0.001332687181972377,False
SE0V81,0.0012721104918827235,False
SE3U50,0.0012721104918827235,False
SE32K1,0.0012721104918827235,False
SE0T13,0.0012721104918827235,False
OCMC11,0.0012721104918827235,False
026,0.0012721104918827235,False
SE98T6,0.00121153380179307,False
SE3J85,0.00121153380179307,False
SE90K6,0.00121153380179307,False
PERMPV,0.00121153380179307,False
SE24Q4,0.00121153380179307,False
SE5V59,0.0011509571117034165,False
SE9O24,0.0011509571117034165,False
SE74G6,0.001090380421613763,False
SE85K4,0.001090380421613763,False
SE74U0,0.001090380421613763,False
SE7X25,0.001090380421613763,False
SE0U82,0.001090380421613763,False
SE32J0,0.001090380421613763,False
SE3V60,0.001090380421613763,False
SANBIN,0.001090380421613763,False
SE51Q0,0.0010298037315241094,False
SE66T0,0.0010298037315241094,False
SE39G4,0.0010298037315241094,False
SE2R11,0.0010298037315241094,False
SE1V88,0.0010298037315241094,False
SE0J32,0.0010298037315241094,False
SE4S51,0.0010298037315241094,False
SE3E62,0.0010298037315241094,False
SE97B8,0.0010298037315241094,False
SE5W86,0.000969227041434456,False
SE97K1,0.000969227041434456,False
SE7O43,0.000969227041434456,False
SE20U0,0.000969227041434456,False
SE59H2,0.0009086503513448025,False
SE62A2,0.0009086503513448025,False
SE0K60,0.0009086503513448025,False
SE0H80,0.0009086503513448025,False
SE61A6,0.0009086503513448025,False
SE2W46,0.0009086503513448025,False
SE6H53,0.0009086503513448025,False
SE7U07,0.0009086503513448025,False
SE56U1,0.0009086503513448025,False
SE9S47,0.0009086503513448025,False
SE84S2,0.000848073661255149,False
SE62A8,0.000848073661255149,False
SE62B2,0.000848073661255149,False
SE88M3,0.000848073661255149,False
SE00Q4,0.000848073661255149,False
OCMC76,0.000848073661255149,False
SE48K7,0.000848073661255149,False
113,0.000848073661255149,False
SE22T5,0.000848073661255149,False
SE12T2,0.000848073661255149,False
SE64P5,0.0007874969711654955,False
SE39U4,0.0007874969711654955,False
SE127B,0.0007874969711654955,False
SE5R95,0.0007874969711654955,False
SE9U09,0.0007874969711654955,False
SE1V93,0.0007874969711654955,False
SE02U7,0.0007874969711654955,False
SE1M34,0.0007874969711654955,False
SE5P25,0.0007874969711654955,False
SE67L2,0.0007874969711654955,False
SE25K3,0.0007874969711654955,False
SE96G2,0.0007874969711654955,False
IFPMX,0.0007874969711654955,False
SE76U6,0.0007874969711654955,False
SE0S41,0.0007874969711654955,False
SE6I53,0.0007874969711654955,False
SE72K5,0.000726920281075842,False
SE31T0,0.000726920281075842,False
SE43U6,0.000726920281075842,False
SE9I59,0.000726920281075842,False
SE12L0,0.000726920281075842,False
SE6Z70,0.000726920281075842,False
SE0R98,0.000726920281075842,False
SE04J3,0.000726920281075842,False
SE32O7,0.000726920281075842,False
SE8H80,0.000726920281075842,False
SE50H9,0.000726920281075842,False
SE53H8,0.000726920281075842,False
SE35T9,0.0006663435909861885,False
SE24V8,0.0006663435909861885,False
SE24Q6,0.0006663435909861885,False
SE1I54,0.0006663435909861885,False
SE27M2,0.0006663435909861885,False
SE87N4,0.0006663435909861885,False
SE7S23,0.0006663435909861885,False
GARY01,0.0006663435909861885,False
SE2I14,0.0006663435909861885,False
SE79B0,0.0006663435909861885,False
054,0.000605766900896535,False
SE62A6,0.000605766900896535,False
SE09T4,0.000605766900896535,False
SE20L4,0.000605766900896535,False
032,0.000605766900896535,False
SE78A3,0.000605766900896535,False
SE47A6,0.000605766900896535,False
SE4G21,0.000605766900896535,False
SE9H78,0.000605766900896535,False
SE06T0,0.000605766900896535,False
SE14J5,0.000605766900896535,False
SE7H52,0.0005451902108068815,False
SE1K12,0.0005451902108068815,False
SE6S54,0.0005451902108068815,False
SE17N4,0.0005451902108068815,False
SE1U64,0.0005451902108068815,False
SE69S8,0.0005451902108068815,False
SE21D2,0.0005451902108068815,False
SE5Z34,0.0005451902108068815,False
SE21D5,0.0005451902108068815,False
SE9G56,0.0005451902108068815,False
SE9Z79,0.0005451902108068815,False
TSQPLZ,0.0005451902108068815,False
SE90N5,0.0005451902108068815,False
SE8T26,0.0005451902108068815,False
SE51M6,0.0005451902108068815,False
SE4R37,0.0005451902108068815,False
SE53M6,0.0005451902108068815,False
SE3R92,0.0005451902108068815,False
077,0.0005451902108068815,False
SE4M86,0.0005451902108068815,False
SE06R9,0.0005451902108068815,False
SE57D2,0.0005451902108068815,False
SE7S79,0.000484613520717228,False
SE7S78,0.000484613520717228,False
SE39B8,0.000484613520717228,False
SE903A,0.000484613520717228,False
SE1Q96,0.000484613520717228,False
SE78T5,0.000484613520717228,False
SE86H1,0.000484613520717228,False
SE50A0,0.000484613520717228,False
SE7Q33,0.000484613520717228,False
SE04V8,0.000484613520717228,False
SE19B9,0.000484613520717228,False
SE93D8,0.000484613520717228,False
SE14V1,0.000484613520717228,False
SE67L3,0.000484613520717228,False
SE94P8,0.000484613520717228,False
SE59P1,0.000484613520717228,False
SE13V4,0.000484613520717228,False
SE66H1,0.000484613520717228,False
SE14V0,0.000484613520717228,False
903,0.000484613520717228,False
085,0.000484613520717228,False
SE0H40,0.000484613520717228,False
SE3Q07,0.000484613520717228,False
SE5T04,0.000484613520717228,False
SE67L5,0.0004240368306275745,False
SE64T0,0.0004240368306275745,False
SE26U0,0.0004240368306275745,False
SE7O49,0.0004240368306275745,False
SE06K0,0.0004240368306275745,False
SE82J5,0.0004240368306275745,False
SE54H7,0.0004240368306275745,False
SE2L07,0.0004240368306275745,False
SE7S81,0.0004240368306275745,False
SE85G4,0.0004240368306275745,False
SE18N5,0.0004240368306275745,False
SE6T24,0.0004240368306275745,False
SE57A2,0.0004240368306275745,False
SE24Z7,0.0004240368306275745,False
OCMC91,0.0004240368306275745,False
SE8U95,0.0004240368306275745,False
SE7H51,0.0004240368306275745,False
SE48A2,0.0004240368306275745,False
SE33K9,0.0004240368306275745,False
SE35C1,0.0004240368306275745,False
SE20U7,0.0004240368306275745,False
SE9U03,0.0004240368306275745,False
SE5Q40,0.0004240368306275745,False
SE9S87,0.0004240368306275745,False
SE2I19,0.000363460140537921,False
SE00K0,0.000363460140537921,False
SE52U8,0.000363460140537921,False
SE6I96,0.000363460140537921,False
SE94D0,0.000363460140537921,False
SE26D3,0.000363460140537921,False
SE80C1,0.000363460140537921,False
SE48C2,0.000363460140537921,False
SE45J9,0.000363460140537921,False
SE93D9,0.000363460140537921,False
SE47L6,0.000363460140537921,False
057,0.000363460140537921,False
SE3Q89,0.000363460140537921,False
SE68B1,0.000363460140537921,False
SE71U4,0.000363460140537921,False
SE6N62,0.000363460140537921,False
SE7W33,0.000363460140537921,False
SE7R18,0.000363460140537921,False
SE7I12,0.000363460140537921,False
SE4S05,0.000363460140537921,False
SE6Y97,0.000363460140537921,False
SE1J52,0.000363460140537921,False
SE3Z81,0.000363460140537921,False
SE97J2,0.000363460140537921,False
SE6Z56,0.000363460140537921,False
SE4R90,0.000363460140537921,False
SE7R15,0.000363460140537921,False
SE4Q94,0.000363460140537921,False
SE6M57,0.000363460140537921,False
SE6R33,0.000363460140537921,False
SE4K80,0.000363460140537921,False
SE9I84,0.000363460140537921,False
SE1S87,0.000363460140537921,False
SE287B,0.000363460140537921,False
SE28S3,0.000363460140537921,False
SE1T24,0.000363460140537921,False
SE4G22,0.000363460140537921,False
SE81U9,0.000363460140537921,False
SE0R96,0.000363460140537921,False
SE8O56,0.000363460140537921,False
SE87I5,0.000363460140537921,False
SE3G53,0.000363460140537921,False
SE38J7,0.000363460140537921,False
SE2X30,0.000363460140537921,False
SE65S5,0.000363460140537921,False
SE0U94,0.000363460140537921,False
SE0U90,0.000363460140537921,False
SE64P6,0.000363460140537921,False
SE2Z11,0.000363460140537921,False
SE2T86,0.000363460140537921,False
SE62Y9,0.000363460140537921,False
SE3M09,0.000363460140537921,False
SE83J9,0.000363460140537921,False
SE92C6,0.000363460140537921,False
SE0H79,0.000363460140537921,False
SE84A2,0.000363460140537921,False
SE89T5,0.000363460140537921,False
SE83B2,0.000363460140537921,False
SE0T23,0.000363460140537921,False
SE2R24,0.000363460140537921,False
SE939A,0.000363460140537921,False
SE82T1,0.000363460140537921,False
SE55F9,0.000363460140537921,False
SE5O32,0.000363460140537921,False
SE0S53,0.000363460140537921,False
SE70Y7,0.0003028834504482675,False
SE38K3,0.0003028834504482675,False
SE99G9,0.0003028834504482675,False
SE1R02,0.0003028834504482675,False
SE6U99,0.0003028834504482675,False
SE99H6,0.0003028834504482675,False
SE81S3,0.0003028834504482675,False
SE0K03,0.0003028834504482675,False
SE7J51,0.0003028834504482675,False
SE63S5,0.0003028834504482675,False
SE6Z52,0.0003028834504482675,False
SE30M1,0.0003028834504482675,False
SE4J33,0.0003028834504482675,False
SE88I5,0.0003028834504482675,False
SE0K44,0.0003028834504482675,False
SE2R05,0.0003028834504482675,False
SE1S93,0.0003028834504482675,False
SE8T31,0.0003028834504482675,False
SE21U8,0.0003028834504482675,False
SE73T7,0.0003028834504482675,False
SE74W7,0.0003028834504482675,False
043,0.0003028834504482675,False
SE76P0,0.0003028834504482675,False
SE46H1,0.0003028834504482675,False
SE32U0,0.0003028834504482675,False
BKBR01,0.0003028834504482675,False
SE77G5,0.0003028834504482675,False
SE77N3,0.0003028834504482675,False
SE36C3,0.0003028834504482675,False
SE8E59,0.0003028834504482675,False
SE9T54,0.0003028834504482675,False
SE49R9,0.0003028834504482675,False
SE1U27,0.0003028834504482675,False
SE61B1,0.0003028834504482675,False
SE02A7,0.0003028834504482675,False
SE37L5,0.0003028834504482675,False
SE6I71,0.0003028834504482675,False
SE94D6,0.0003028834504482675,False
SE6S10,0.0003028834504482675,False
SE84A4,0.0003028834504482675,False
SE12T7,0.0003028834504482675,False
SE2Y93,0.0003028834504482675,False
SE286B,0.0003028834504482675,False
SE96N5,0.0003028834504482675,False
SE34T5,0.0003028834504482675,False
SE3H77,0.0003028834504482675,False
SE2T24,0.0003028834504482675,False
SE2J75,0.0003028834504482675,False
SE27B8,0.0003028834504482675,False
SE53M8,0.0003028834504482675,False
SE07A8,0.0003028834504482675,False
SE65C4,0.0003028834504482675,False
SE56Q3,0.0003028834504482675,False
SE1I91,0.0003028834504482675,False
SE6S58,0.0003028834504482675,False
SE17B3,0.0003028834504482675,False
SE91B9,0.0003028834504482675,False
SE08A6,0.0003028834504482675,False
SE15O5,0.0003028834504482675,False
SE95P0,0.0003028834504482675,False
SE6S08,0.0003028834504482675,False
SE66C4,0.000242306760358614,False
SE66F8,0.000242306760358614,False
SE46A0,0.000242306760358614,False
SE6K83,0.000242306760358614,False
SE36M7,0.000242306760358614,False
SE3I51,0.000242306760358614,False
SE6T50,0.000242306760358614,False
SE5I64,0.000242306760358614,False
SE73A1,0.000242306760358614,False
SE2I15,0.000242306760358614,False
SE5G35,0.000242306760358614,False
SE5M83,0.000242306760358614,False
SE6H49,0.000242306760358614,False
SE5Q02,0.000242306760358614,False
SE47I3,0.000242306760358614,False
SE34B9,0.000242306760358614,False
SE5R41,0.000242306760358614,False
SE65T1,0.000242306760358614,False
SE65S4,0.000242306760358614,False
SE2V31,0.000242306760358614,False
SE72B5,0.000242306760358614,False
SE4T44,0.000242306760358614,False
SE4U71,0.000242306760358614,False
SE30B3,0.000242306760358614,False
SE4V16,0.000242306760358614,False
SE30B1,0.000242306760358614,False
SE64C4,0.000242306760358614,False
SE4Y80,0.000242306760358614,False
SE31K7,0.000242306760358614,False
SE65H0,0.000242306760358614,False
SE2Z80,0.000242306760358614,False
SE25Q6,0.000242306760358614,False
SE31N9,0.000242306760358614,False
SE57J8,0.000242306760358614,False
SE4L59,0.000242306760358614,False
SE43B1,0.000242306760358614,False
SE25D0,0.000242306760358614,False
SE61D3,0.000242306760358614,False
SE4J38,0.000242306760358614,False
SE4H86,0.000242306760358614,False
SE71B5,0.000242306760358614,False
SE56Q9,0.000242306760358614,False
SE2Y41,0.000242306760358614,False
SE4G56,0.000242306760358614,False
SE6P01,0.000242306760358614,False
SE65S6,0.000242306760358614,False
SE4T35,0.000242306760358614,False
SE1T44,0.000242306760358614,False
SE21D6,0.000242306760358614,False
SE13B0,0.000242306760358614,False
SE0R99,0.000242306760358614,False
SE8M03,0.000242306760358614,False
SE8I90,0.000242306760358614,False
SE0U76,0.000242306760358614,False
SE0Z42,0.000242306760358614,False
SE10B1,0.000242306760358614,False
SE10B8,0.000242306760358614,False
SE11F9,0.000242306760358614,False
SE88I6,0.000242306760358614,False
SE878A,0.000242306760358614,False
SE13D6,0.000242306760358614,False
SE8P51,0.000242306760358614,False
SE85A5,0.000242306760358614,False
SE85A0,0.000242306760358614,False
SE84A5,0.000242306760358614,False
SE83A9,0.000242306760358614,False
SE15T2,0.000242306760358614,False
SE18C2,0.000242306760358614,False
SE7T87,0.000242306760358614,False
SE19V8,0.000242306760358614,False
SE7S07,0.000242306760358614,False
SE7P45,0.000242306760358614,False
SE0Q98,0.000242306760358614,False
SE0O52,0.000242306760358614,False
SE1P30,0.000242306760358614,False
SE03K2,0.000242306760358614,False
052,0.000242306760358614,False
075,0.000242306760358614,False
080,0.000242306760358614,False
041,0.000242306760358614,False
SE00B5,0.000242306760358614,False
SE9R90,0.000242306760358614,False
SE9I46,0.000242306760358614,False
SE9I42,0.000242306760358614,False
SE9I27,0.000242306760358614,False
SE03C2,0.000242306760358614,False
SE03U7,0.000242306760358614,False
SE0L95,0.000242306760358614,False
SE99T9,0.000242306760358614,False
SE04H9,0.000242306760358614,False
SE97M1,0.000242306760358614,False
SE06K5,0.000242306760358614,False
SE07R0,0.000242306760358614,False
SE07S2,0.000242306760358614,False
SE07U1,0.000242306760358614,False
SE91K7,0.000242306760358614,False
SE09U0,0.000242306760358614,False
SE0L91,0.000242306760358614,False
SE1M55,0.000242306760358614,False
SE0T19,0.000242306760358614,False
SE1P56,0.000242306760358614,False
SE78J1,0.000242306760358614,False
SE79H2,0.000242306760358614,False
SE77T0,0.000242306760358614,False
SE1T34,0.000242306760358614,False
SE26B9,0.0001817300702689605,False
SE96J0,0.0001817300702689605,False
SE89P0,0.0001817300702689605,False
SE89T8,0.0001817300702689605,False
SE4Y78,0.0001817300702689605,False
SE32L0,0.0001817300702689605,False
SE60Q6,0.0001817300702689605,False
SE8I68,0.0001817300702689605,False
SE972A,0.0001817300702689605,False
SE3U86,0.0001817300702689605,False
SE05K5,0.0001817300702689605,False
SE33C1,0.0001817300702689605,False
SE89J1,0.0001817300702689605,False
SE8J01,0.0001817300702689605,False
SE5V77,0.0001817300702689605,False
SE8J21,0.0001817300702689605,False
SE33L2,0.0001817300702689605,False
SE8J80,0.0001817300702689605,False
SE5T93,0.0001817300702689605,False
SE5T25,0.0001817300702689605,False
SE50U9,0.0001817300702689605,False
SE33W4,0.0001817300702689605,False
SE32A2,0.0001817300702689605,False
SE3Y18,0.0001817300702689605,False
SE0Z05,0.0001817300702689605,False
SE51A5,0.0001817300702689605,False
SE12T5,0.0001817300702689605,False
SE86K5,0.0001817300702689605,False
SE4T04,0.0001817300702689605,False
SE86K8,0.0001817300702689605,False
SE76K9,0.0001817300702689605,False
SE65B3,0.0001817300702689605,False
SE12B8,0.0001817300702689605,False
SE40T7,0.0001817300702689605,False
SE12B3,0.0001817300702689605,False
SE3J02,0.0001817300702689605,False
SE4V04,0.0001817300702689605,False
SE4V15,0.0001817300702689605,False
SE78U1,0.0001817300702689605,False
SE63K6,0.0001817300702689605,False
SE4V95,0.0001817300702689605,False
SE10W3,0.0001817300702689605,False
SE73C2,0.0001817300702689605,False
SE88J1,0.0001817300702689605,False
SE10T2,0.0001817300702689605,False
SE1S79,0.0001817300702689605,False
SE88T1,0.0001817300702689605,False
SE34B7,0.0001817300702689605,False
SE24K3,0.0001817300702689605,False
SE34E0,0.0001817300702689605,False
SE39T9,0.0001817300702689605,False
SE54U0,0.0001817300702689605,False
SE58I4,0.0001817300702689605,False
SE0M42,0.0001817300702689605,False
SE8X95,0.0001817300702689605,False
SE93D7,0.0001817300702689605,False
SE57I1,0.0001817300702689605,False
SE39B4,0.0001817300702689605,False
SE90A6,0.0001817300702689605,False
SE55N2,0.0001817300702689605,False
SE0J39,0.0001817300702689605,False
SE0I80,0.0001817300702689605,False
SE20B5,0.0001817300702689605,False
SE08K1,0.0001817300702689605,False
SE92R4,0.0001817300702689605,False
SE92A4,0.0001817300702689605,False
SE91A7,0.0001817300702689605,False
SE3G52,0.0001817300702689605,False
SE09S1,0.0001817300702689605,False
SE3M07,0.0001817300702689605,False
SE09J8,0.0001817300702689605,False
SE91Z5,0.0001817300702689605,False
SE91S8,0.0001817300702689605,False
SE8U37,0.0001817300702689605,False
SE0N33,0.0001817300702689605,False
SE65M0,0.0001817300702689605,False
SE5L42,0.0001817300702689605,False
SE78C3,0.0001817300702689605,False
SE0R24,0.0001817300702689605,False
SE06C7,0.0001817300702689605,False
SE359A,0.0001817300702689605,False
SE1T64,0.0001817300702689605,False
SE3T33,0.0001817300702689605,False
SE8M86,0.0001817300702689605,False
SE52H6,0.0001817300702689605,False
SE0P86,0.0001817300702689605,False
SE73C1,0.0001817300702689605,False
SE0P31,0.0001817300702689605,False
SE07J3,0.0001817300702689605,False
SE06O8,0.0001817300702689605,False
SE5H31,0.0001817300702689605,False
SE36B7,0.0001817300702689605,False
SE5G63,0.0001817300702689605,False
SE72C9,0.0001817300702689605,False
SE93I9,0.0001817300702689605,False
SE37C8,0.0001817300702689605,False
SE3R91,0.0001817300702689605,False
SE5G31,0.0001817300702689605,False
SE3R87,0.0001817300702689605,False
SE70S0,0.0001817300702689605,False
SE64P2,0.0001817300702689605,False
SE80A6,0.0001817300702689605,False
SE2J08,0.0001817300702689605,False
SE18P0,0.0001817300702689605,False
SE28T9,0.0001817300702689605,False
SE28U1,0.0001817300702689605,False
SE465A,0.0001817300702689605,False
SE6M55,0.0001817300702689605,False
SE7Y96,0.0001817300702689605,False
SE6Z59,0.0001817300702689605,False
SE7Z33,0.0001817300702689605,False
SE7Z35,0.0001817300702689605,False
SE7Z53,0.0001817300702689605,False
SE25U7,0.0001817300702689605,False
SE80A1,0.0001817300702689605,False
SE01E3,0.0001817300702689605,False
SE17D5,0.0001817300702689605,False
SE17B7,0.0001817300702689605,False
SE4G82,0.0001817300702689605,False
SE17B5,0.0001817300702689605,False
SE80J3,0.0001817300702689605,False
SE44D9,0.0001817300702689605,False
SE02C3,0.0001817300702689605,False
SE7H12,0.0001817300702689605,False
SE27R8,0.0001817300702689605,False
SE4I51,0.0001817300702689605,False
SE7J67,0.0001817300702689605,False
SE1O11,0.0001817300702689605,False
SE6V78,0.0001817300702689605,False
SE74L8,0.0001817300702689605,False
SE6V59,0.0001817300702689605,False
068,0.0001817300702689605,False
SE47Y0,0.0001817300702689605,False
SE7J32,0.0001817300702689605,False
SE1P77,0.0001817300702689605,False
SE46T0,0.0001817300702689605,False
SE75T1,0.0001817300702689605,False
L00002,0.0001817300702689605,False
SE7M12,0.0001817300702689605,False
SE26V5,0.0001817300702689605,False
SE27B1,0.0001817300702689605,False
SE7M42,0.0001817300702689605,False
SE7P18,0.0001817300702689605,False
SE6Z55,0.0001817300702689605,False
SE48I5,0.0001817300702689605,False
SE46I5,0.0001817300702689605,False
SE76I9,0.0001817300702689605,False
SE2O84,0.0001817300702689605,False
SE72T6,0.0001817300702689605,False
SE73T9,0.0001817300702689605,False
SE67Y3,0.0001817300702689605,False
SE20V6,0.0001817300702689605,False
SE2S61,0.0001817300702689605,False
SE76K7,0.0001817300702689605,False
SE83J7,0.0001817300702689605,False
SE43K8,0.0001817300702689605,False
SE4J72,0.0001817300702689605,False
SE43T5,0.0001817300702689605,False
SE2S42,0.0001817300702689605,False
SE14E1,0.0001817300702689605,False
SE03L4,0.0001817300702689605,False
SE41W8,0.0001817300702689605,False
SE76J2,0.0001817300702689605,False
SE03N5,0.0001817300702689605,False
SE02S5,0.0001817300702689605,False
SE4L69,0.0001817300702689605,False
SE76K8,0.0001817300702689605,False
SE68I4,0.0001817300702689605,False
SE68Q4,0.0001817300702689605,False
SE79J3,0.0001817300702689605,False
SE80O7,0.0001817300702689605,False
SE85A6,0.0001817300702689605,False
SE4I92,0.0001817300702689605,False
SE2S41,0.0001817300702689605,False
SE13B8,0.0001817300702689605,False
SE72X3,0.000121153380179307,False
SE54I5,0.000121153380179307,False
SE4V97,0.000121153380179307,False
SE9Z59,0.000121153380179307,False
SE77J2,0.000121153380179307,False
SE54J2,0.000121153380179307,False
SE54U8,0.000121153380179307,False
SE74J9,0.000121153380179307,False
SE93A8,0.000121153380179307,False
SE55J0,0.000121153380179307,False
SE97N2,0.000121153380179307,False
SE55K2,0.000121153380179307,False
SE9I09,0.000121153380179307,False
SE55W5,0.000121153380179307,False
SE4W39,0.000121153380179307,False
SE56A4,0.000121153380179307,False
SE56A9,0.000121153380179307,False
SE98B4,0.000121153380179307,False
SE76V3,0.000121153380179307,False
SE4T23,0.000121153380179307,False
SE4S35,0.000121153380179307,False
SE4S55,0.000121153380179307,False
SE9W87,0.000121153380179307,False
SE96M4,0.000121153380179307,False
SE74A6,0.000121153380179307,False
SE73U9,0.000121153380179307,False
SE9S44,0.000121153380179307,False
SE4X28,0.000121153380179307,False
SE9G62,0.000121153380179307,False
SE95U8,0.000121153380179307,False
SE51H2,0.000121153380179307,False
SE9S23,0.000121153380179307,False
SE9J14,0.000121153380179307,False
SE9J31,0.000121153380179307,False
SE9V06,0.000121153380179307,False
SE9O99,0.000121153380179307,False
SE50R5,0.000121153380179307,False
SE97K9,0.000121153380179307,False
SE9M27,0.000121153380179307,False
SE9M06,0.000121153380179307,False
SE9L99,0.000121153380179307,False
SE9K56,0.000121153380179307,False
SE4K44,0.000121153380179307,False
SE51Q7,0.000121153380179307,False
SE49T3,0.000121153380179307,False
SE95C1,0.000121153380179307,False
SE4L65,0.000121153380179307,False
SE96Z9,0.000121153380179307,False
SE9U07,0.000121153380179307,False
SE93M0,0.000121153380179307,False
SE4W63,0.000121153380179307,False
SE94A8,0.000121153380179307,False
SE9T46,0.000121153380179307,False
SE4X18,0.000121153380179307,False
SE48Y0,0.000121153380179307,False
SE94I5,0.000121153380179307,False
SE53A5,0.000121153380179307,False
SE49K7,0.000121153380179307,False
SE49R3,0.000121153380179307,False
SE9T45,0.000121153380179307,False
SE73U5,0.000121153380179307,False
SE99V7,0.000121153380179307,False
SE5O87,0.000121153380179307,False
SE91J3,0.000121153380179307,False
SE82W9,0.000121153380179307,False
SE69R6,0.000121153380179307,False
SE69P5,0.000121153380179307,False
SE80U3,0.000121153380179307,False
SE68S9,0.000121153380179307,False
SE8125,0.000121153380179307,False
SE81T2,0.000121153380179307,False
SE82C3,0.000121153380179307,False
SE79Y8,0.000121153380179307,False
SE82E0,0.000121153380179307,False
SE82G7,0.000121153380179307,False
SE82W7,0.000121153380179307,False
SE67K2,0.000121153380179307,False
SE67J2,0.000121153380179307,False
SE79U5,0.000121153380179307,False
SE69T3,0.000121153380179307,False
SE6738,0.000121153380179307,False
SE83B3,0.000121153380179307,False
SE66L8,0.000121153380179307,False
SE66K2,0.000121153380179307,False
SE79S4,0.000121153380179307,False
SE84D3,0.000121153380179307,False
SE70J3,0.000121153380179307,False
SE65Z6,0.000121153380179307,False
SE85H1,0.000121153380179307,False
SE85J1,0.000121153380179307,False
SE85K3,0.000121153380179307,False
SE65K9,0.000121153380179307,False
SE65K2,0.000121153380179307,False
SE80M9,0.000121153380179307,False
SE69T4,0.000121153380179307,False
SE91D4,0.000121153380179307,False
SE7U21,0.000121153380179307,False
SE6V63,0.000121153380179307,False
SE7J31,0.000121153380179307,False
SE6U98,0.000121153380179307,False
SE6U40,0.000121153380179307,False
SE7L24,0.000121153380179307,False
SE6T02,0.000121153380179307,False
SE6S49,0.000121153380179307,False
SE7Q14,0.000121153380179307,False
SE7I11,0.000121153380179307,False
SE7S40,0.000121153380179307,False
SE6R40,0.000121153380179307,False
SE7S63,0.000121153380179307,False
SE6R08,0.000121153380179307,False
SE7U84,0.000121153380179307,False
SE69U6,0.000121153380179307,False
SE6M59,0.000121153380179307,False
SE7W06,0.000121153380179307,False
SE6M53,0.000121153380179307,False
SE6K07,0.000121153380179307,False
SE6J55,0.000121153380179307,False
SE6J08,0.000121153380179307,False
SE7Z09,0.000121153380179307,False
SE6I93,0.000121153380179307,False
SE80A8,0.000121153380179307,False
SE6I18,0.000121153380179307,False
SE6H65,0.000121153380179307,False
SE6H51,0.000121153380179307,False
SE6H50,0.000121153380179307,False
SE86K7,0.000121153380179307,False
SE86T5,0.000121153380179307,False
SE79F3,0.000121153380179307,False
SE58N4,0.000121153380179307,False
SE5I99,0.000121153380179307,False
SE5I65,0.000121153380179307,False
SE8Q01,0.000121153380179307,False
SE8Q14,0.000121153380179307,False
SE8Q22,0.000121153380179307,False
SE5G34,0.000121153380179307,False
SE8R39,0.000121153380179307,False
SE59X4,0.000121153380179307,False
SE59T5,0.000121153380179307,False
SE59Q9,0.000121153380179307,False
SE8S61,0.000121153380179307,False
SE59G1,0.000121153380179307,False
SE58U7,0.000121153380179307,False
SE58J1,0.000121153380179307,False
SE87A4,0.000121153380179307,False
SE78B6,0.000121153380179307,False
SE57U6,0.000121153380179307,False
SE72F5,0.000121153380179307,False
SE57I6,0.000121153380179307,False
SE8Z20,0.000121153380179307,False
SE90B5,0.000121153380179307,False
SE90G4,0.000121153380179307,False
SE56Y6,0.000121153380179307,False
SE90S2,0.000121153380179307,False
SE90S3,0.000121153380179307,False
SE90S6,0.000121153380179307,False
SE90X7,0.000121153380179307,False
SE56U0,0.000121153380179307,False
SE72B8,0.000121153380179307,False
SE6Y47,0.000121153380179307,False
SE8M93,0.000121153380179307,False
SE8M62,0.000121153380179307,False
SE87K6,0.000121153380179307,False
SE64M0,0.000121153380179307,False
SE88D7,0.000121153380179307,False
SE71B4,0.000121153380179307,False
SE63D3,0.000121153380179307,False
SE63A4,0.000121153380179307,False
SE88I9,0.000121153380179307,False
SE62K6,0.000121153380179307,False
SE71G3,0.000121153380179307,False
SE88P5,0.000121153380179307,False
SE78T1,0.000121153380179307,False
SE89T7,0.000121153380179307,False
SE8E53,0.000121153380179307,False
SE60J8,0.000121153380179307,False
SE60H3,0.000121153380179307,False
SE60F4,0.000121153380179307,False
SE8I99,0.000121153380179307,False
SE5Y25,0.000121153380179307,False
SE5X27,0.000121153380179307,False
SE75J2,0.000121153380179307,False
SE5V60,0.000121153380179307,False
SE8K24,0.000121153380179307,False
SE8K27,0.000121153380179307,False
SE5S52,0.000121153380179307,False
SE5R96,0.000121153380179307,False
SE5R39,0.000121153380179307,False
SE8M29,0.000121153380179307,False
SE47D2,0.000121153380179307,False
SE4O57,0.000121153380179307,False
SE47A0,0.000121153380179307,False
SE35B3,0.000121153380179307,False
SE34T4,0.000121153380179307,False
SE34S3,0.000121153380179307,False
SE0Q34,0.000121153380179307,False
SE0Q73,0.000121153380179307,False
SE0S30,0.000121153380179307,False
SE0S78,0.000121153380179307,False
SE0T60,0.000121153380179307,False
SE0T68,0.000121153380179307,False
SE0T85,0.000121153380179307,False
SE32B3,0.000121153380179307,False
SE31V3,0.000121153380179307,False
SE0Y59,0.000121153380179307,False
SE31U8,0.000121153380179307,False
SE31T6,0.000121153380179307,False
SE31T3,0.000121153380179307,False
SE0Z89,0.000121153380179307,False
SE31L0,0.000121153380179307,False
SE10V9,0.000121153380179307,False
SE11V0,0.000121153380179307,False
SE12G7,0.000121153380179307,False
SE12K7,0.000121153380179307,False
SE30K1,0.000121153380179307,False
SE30J9,0.000121153380179307,False
SE12M4,0.000121153380179307,False
SE30H7,0.000121153380179307,False
SE0P52,0.000121153380179307,False
SE35K0,0.000121153380179307,False
SE30G1,0.000121153380179307,False
SE35M6,0.000121153380179307,False
SE3U08,0.000121153380179307,False
SE3T56,0.000121153380179307,False
SE3S73,0.000121153380179307,False
SE06K4,0.000121153380179307,False
SE06K7,0.000121153380179307,False
SE3R31,0.000121153380179307,False
SE3Q75,0.000121153380179307,False
SE3Q06,0.000121153380179307,False
SE3P26,0.000121153380179307,False
SE08K4,0.000121153380179307,False
SE3O36,0.000121153380179307,False
SE3N21,0.000121153380179307,False
SE3I22,0.000121153380179307,False
SE3G90,0.000121153380179307,False
SE09T0,0.000121153380179307,False
SE09Y9,0.000121153380179307,False
SE38C8,0.000121153380179307,False
SE0K06,0.000121153380179307,False
SE37X2,0.000121153380179307,False
SE37M6,0.000121153380179307,False
SE0K50,0.000121153380179307,False
SE0L69,0.000121153380179307,False
SE37D4,0.000121153380179307,False
SE35U7,0.000121153380179307,False
SE0M77,0.000121153380179307,False
SE30G3,0.000121153380179307,False
SE12S8,0.000121153380179307,False
SE04Y6,0.000121153380179307,False
SE26K8,0.000121153380179307,False
SE26I5,0.000121153380179307,False
SE19W7,0.000121153380179307,False
SE19W8,0.000121153380179307,False
SE26D2,0.000121153380179307,False
SE1I16,0.000121153380179307,False
SE26D0,0.000121153380179307,False
SE260B,0.000121153380179307,False
SE25U6,0.000121153380179307,False
SE1I70,0.000121153380179307,False
SE25K0,0.000121153380179307,False
SE24Y9,0.000121153380179307,False
SE24V2,0.000121153380179307,False
SE23Y9,0.000121153380179307,False
SE23V6,0.000121153380179307,False
SE1M66,0.000121153380179307,False
SE22X3,0.000121153380179307,False
SE1Q32,0.000121153380179307,False
SE22K7,0.000121153380179307,False
SE1S17,0.000121153380179307,False
SE1S20,0.000121153380179307,False
SE21T9,0.000121153380179307,False
SE1U31,0.000121153380179307,False
SE1X70,0.000121153380179307,False
SE20U1,0.000121153380179307,False
SE20T5,0.000121153380179307,False
SE26K4,0.000121153380179307,False
SE26T6,0.000121153380179307,False
SE12U4,0.000121153380179307,False
SE26Z9,0.000121153380179307,False
SE2Z57,0.000121153380179307,False
SE13B4,0.000121153380179307,False
SE2X81,0.000121153380179307,False
SE13F6,0.000121153380179307,False
SE13M4,0.000121153380179307,False
SE2T44,0.000121153380179307,False
SE2T40,0.000121153380179307,False
SE2S68,0.000121153380179307,False
SE13V2,0.000121153380179307,False
SE2S01,0.000121153380179307,False
SE2R91,0.000121153380179307,False
SE2R43,0.000121153380179307,False
SE14C1,0.000121153380179307,False
SE2Q65,0.000121153380179307,False
SE2O22,0.000121153380179307,False
SE2K77,0.000121153380179307,False
SE2J14,0.000121153380179307,False
SE2I00,0.000121153380179307,False
SE16U8,0.000121153380179307,False
SE29J4,0.000121153380179307,False
SE29G0,0.000121153380179307,False
SE18D2,0.000121153380179307,False
SE27U9,0.000121153380179307,False
SE27K0,0.000121153380179307,False
SE27G9,0.000121153380179307,False
SE3U64,0.000121153380179307,False
SE32U6,0.000121153380179307,False
SE46U0,0.000121153380179307,False
SE45J4,0.000121153380179307,False
040,0.000121153380179307,False
SE3V70,0.000121153380179307,False
SE3Y07,0.000121153380179307,False
SE04K2,0.000121153380179307,False
SE41E7,0.000121153380179307,False
SE00B6,0.000121153380179307,False
SE43Q1,0.000121153380179307,False
SE43V2,0.000121153380179307,False
SE40B3,0.000121153380179307,False
SE04K0,0.000121153380179307,False
SE00B7,0.000121153380179307,False
SE00X4,0.000121153380179307,False
CURE02,0.000121153380179307,False
SE02N6,0.000121153380179307,False
SE424B,0.000121153380179307,False
SE44A5,0.000121153380179307,False
SE3Y19,0.000121153380179307,False
SE01E5,0.000121153380179307,False
SE00Q6,0.000121153380179307,False
SE04I9,0.000121153380179307,False
042,0.000121153380179307,False
SE42R8,0.000121153380179307,False
SE04L3,0.000121153380179307,False
SE42E4,0.000121153380179307,False
079,0.000121153380179307,False
SE44T3,0.000121153380179307,False
SE02B4,0.000121153380179307,False
SE04G4,0.000121153380179307,False
SE04C1,0.000121153380179307,False
SE01B8,0.000121153380179307,False
056,0.000121153380179307,False
SE9O57,6.05766900896535e-05,False
SE16D8,6.05766900896535e-05,False
SE80R2,6.05766900896535e-05,False
SE9O40,6.05766900896535e-05,False
SE80T0,6.05766900896535e-05,False
SE16B6,6.05766900896535e-05,False
SE80T5,6.05766900896535e-05,False
SE81J8,6.05766900896535e-05,False
SE80Y7,6.05766900896535e-05,False
SE81R0,6.05766900896535e-05,False
SE16B8,6.05766900896535e-05,False
SE817A,6.05766900896535e-05,False
SE81O8,6.05766900896535e-05,False
SE81G6,6.05766900896535e-05,False
SE81K4,6.05766900896535e-05,False
SE81K3,6.05766900896535e-05,False
SE97F7,6.05766900896535e-05,False
SE80B7,6.05766900896535e-05,False
SE01K5,6.05766900896535e-05,False
SE80O8,6.05766900896535e-05,False
SE18K5,6.05766900896535e-05,False
SE18J0,6.05766900896535e-05,False
SE18D7,6.05766900896535e-05,False
SE7Y36,6.05766900896535e-05,False
SE17Y2,6.05766900896535e-05,False
SE7Z15,6.05766900896535e-05,False
SE17V6,6.05766900896535e-05,False
SE17U0,6.05766900896535e-05,False
SE7Z39,6.05766900896535e-05,False
SE17T9,6.05766900896535e-05,False
SE17R1,6.05766900896535e-05,False
SE17N7,6.05766900896535e-05,False
SE17N0,6.05766900896535e-05,False
SE9R55,6.05766900896535e-05,False
SE81T8,6.05766900896535e-05,False
SE17B9,6.05766900896535e-05,False
SE173A,6.05766900896535e-05,False
SE9Q06,6.05766900896535e-05,False
SE80L1,6.05766900896535e-05,False
SE16S8,6.05766900896535e-05,False
SE16Q2,6.05766900896535e-05,False
SE16A5,6.05766900896535e-05,False
SE15H4,6.05766900896535e-05,False
SE15W0,6.05766900896535e-05,False
SE9N83,6.05766900896535e-05,False
SE9M08,6.05766900896535e-05,False
SE140B,6.05766900896535e-05,False
SE13V8,6.05766900896535e-05,False
SE84A7,6.05766900896535e-05,False
SE84B2,6.05766900896535e-05,False
SE84B8,6.05766900896535e-05,False
SE84C9,6.05766900896535e-05,False
SE13T0,6.05766900896535e-05,False
SE84O8,6.05766900896535e-05,False
SE13R0,6.05766900896535e-05,False
SE01T1,6.05766900896535e-05,False
SE84T8,6.05766900896535e-05,False
SE9M04,6.05766900896535e-05,False
SE84V6,6.05766900896535e-05,False
SE84Z2,6.05766900896535e-05,False
SE857A,6.05766900896535e-05,False
SE9L98,6.05766900896535e-05,False
SE13B9,6.05766900896535e-05,False
SE85A7,6.05766900896535e-05,False
SE13B7,6.05766900896535e-05,False
SE85G6,6.05766900896535e-05,False
SE9L74,6.05766900896535e-05,False
SE13B5,6.05766900896535e-05,False
SE01O3,6.05766900896535e-05,False
SE9O10,6.05766900896535e-05,False
SE81X3,6.05766900896535e-05,False
SE83V3,6.05766900896535e-05,False
SE81X5,6.05766900896535e-05,False
SE82A6,6.05766900896535e-05,False
SE15U7,6.05766900896535e-05,False
SE01K9,6.05766900896535e-05,False
SE15M4,6.05766900896535e-05,False
SE82F0,6.05766900896535e-05,False
SE15M1,6.05766900896535e-05,False
SE7V08,6.05766900896535e-05,False
SE15C1,6.05766900896535e-05,False
SE155A,6.05766900896535e-05,False
SE14X4,6.05766900896535e-05,False
SE14X2,6.05766900896535e-05,False
SE14W2,6.05766900896535e-05,False
SE14O8,6.05766900896535e-05,False
SE83C4,6.05766900896535e-05,False
SE83D3,6.05766900896535e-05,False
SE14K5,6.05766900896535e-05,False
SE14I9,6.05766900896535e-05,False
SE83K8,6.05766900896535e-05,False
SE83P2,6.05766900896535e-05,False
SE83R8,6.05766900896535e-05,False
SE83T5,6.05766900896535e-05,False
SE83U0,6.05766900896535e-05,False
SE7V56,6.05766900896535e-05,False
SE7U00,6.05766900896535e-05,False
SE18N0,6.05766900896535e-05,False
SE1R04,6.05766900896535e-05,False
203,6.05766900896535e-05,False
SE79X5,6.05766900896535e-05,False
SE1Q83,6.05766900896535e-05,False
SE1Q69,6.05766900896535e-05,False
905,6.05766900896535e-05,False
SE1Q28,6.05766900896535e-05,False
SE1Q04,6.05766900896535e-05,False
SE1Q00,6.05766900896535e-05,False
SE1P09,6.05766900896535e-05,False
SE7I15,6.05766900896535e-05,False
SE7I31,6.05766900896535e-05,False
SE9Z93,6.05766900896535e-05,False
SE7I41,6.05766900896535e-05,False
SE7I85,6.05766900896535e-05,False
SE7J03,6.05766900896535e-05,False
SE1N65,6.05766900896535e-05,False
SE1N38,6.05766900896535e-05,False
SE1N30,6.05766900896535e-05,False
SE7J49,6.05766900896535e-05,False
SE006C,6.05766900896535e-05,False
SE7J66,6.05766900896535e-05,False
SE9Z34,6.05766900896535e-05,False
SE1M29,6.05766900896535e-05,False
SE1R00,6.05766900896535e-05,False
SE1R30,6.05766900896535e-05,False
SE1M22,6.05766900896535e-05,False
SE1R64,6.05766900896535e-05,False
SE77B6,6.05766900896535e-05,False
SE77G0,6.05766900896535e-05,False
SE204C,6.05766900896535e-05,False
SE77H5,6.05766900896535e-05,False
SE1Y36,6.05766900896535e-05,False
058,6.05766900896535e-05,False
SE77J3,6.05766900896535e-05,False
SE77L0,6.05766900896535e-05,False
SE1V07,6.05766900896535e-05,False
SE1U56,6.05766900896535e-05,False
SE1T51,6.05766900896535e-05,False
SE1T06,6.05766900896535e-05,False
SE78K3,6.05766900896535e-05,False
SE78O1,6.05766900896535e-05,False
SE1T04,6.05766900896535e-05,False
SE78T2,6.05766900896535e-05,False
SE1S99,6.05766900896535e-05,False
SE1S78,6.05766900896535e-05,False
SE79B2,6.05766900896535e-05,False
SE79B5,6.05766900896535e-05,False
120,6.05766900896535e-05,False
SE79G3,6.05766900896535e-05,False
SE79G4,6.05766900896535e-05,False
SE7L19,6.05766900896535e-05,False
SE1L61,6.05766900896535e-05,False
SE7U58,6.05766900896535e-05,False
SE1I14,6.05766900896535e-05,False
SE7S04,6.05766900896535e-05,False
SE7S05,6.05766900896535e-05,False
SE1F97,6.05766900896535e-05,False
SE00S7,6.05766900896535e-05,False
SE7S30,6.05766900896535e-05,False
SE00T1,6.05766900896535e-05,False
SE00Z5,6.05766900896535e-05,False
SE19P3,6.05766900896535e-05,False
SE19M3,6.05766900896535e-05,False
SE9S79,6.05766900896535e-05,False
SE19E5,6.05766900896535e-05,False
SE18V1,6.05766900896535e-05,False
SE7S82,6.05766900896535e-05,False
SE7T68,6.05766900896535e-05,False
SE18S0,6.05766900896535e-05,False
SE011C,6.05766900896535e-05,False
SE13B2,6.05766900896535e-05,False
SE18R5,6.05766900896535e-05,False
SE01C3,6.05766900896535e-05,False
SE7U14,6.05766900896535e-05,False
SE7U18,6.05766900896535e-05,False
SE18P1,6.05766900896535e-05,False
SE9R91,6.05766900896535e-05,False
SE7R21,6.05766900896535e-05,False
SE00I0,6.05766900896535e-05,False
SE7M31,6.05766900896535e-05,False
SE1I29,6.05766900896535e-05,False
SE7M41,6.05766900896535e-05,False
SE1L35,6.05766900896535e-05,False
SE7M59,6.05766900896535e-05,False
SE9Z32,6.05766900896535e-05,False
SE7M60,6.05766900896535e-05,False
SE00A1,6.05766900896535e-05,False
SE7M62,6.05766900896535e-05,False
SE7M81,6.05766900896535e-05,False
SE7M98,6.05766900896535e-05,False
SE7N79,6.05766900896535e-05,False
SE9V70,6.05766900896535e-05,False
SE1K97,6.05766900896535e-05,False
SE7O47,6.05766900896535e-05,False
SE1J94,6.05766900896535e-05,False
SE1J68,6.05766900896535e-05,False
SE7P13,6.05766900896535e-05,False
SE1J40,6.05766900896535e-05,False
SE9V68,6.05766900896535e-05,False
SE7P57,6.05766900896535e-05,False
SE7P66,6.05766900896535e-05,False
SE7P97,6.05766900896535e-05,False
SE1I55,6.05766900896535e-05,False
SE9U08,6.05766900896535e-05,False
SE9L58,6.05766900896535e-05,False
SE9K52,6.05766900896535e-05,False
SE02C4,6.05766900896535e-05,False
SE90S8,6.05766900896535e-05,False
SE99D9,6.05766900896535e-05,False
SE90L1,6.05766900896535e-05,False
SE90L2,6.05766900896535e-05,False
SE0I83,6.05766900896535e-05,False
SE90P9,6.05766900896535e-05,False
SE90Q1,6.05766900896535e-05,False
SE99D1,6.05766900896535e-05,False
SE90Q7,6.05766900896535e-05,False
SE0I82,6.05766900896535e-05,False
SE0I49,6.05766900896535e-05,False
SE09Z0,6.05766900896535e-05,False
SE90U8,6.05766900896535e-05,False
SE90C3,6.05766900896535e-05,False
SE98Z7,6.05766900896535e-05,False
SE09V6,6.05766900896535e-05,False
SE09U1,6.05766900896535e-05,False
SE09B7,6.05766900896535e-05,False
SE91I2,6.05766900896535e-05,False
SE09B2,6.05766900896535e-05,False
SE092B,6.05766900896535e-05,False
SE91Q6,6.05766900896535e-05,False
SE08X3,6.05766900896535e-05,False
SE91U0,6.05766900896535e-05,False
SE91Y2,6.05766900896535e-05,False
SE0K47,6.05766900896535e-05,False
SE0K48,6.05766900896535e-05,False
SE98S6,6.05766900896535e-05,False
SE8U47,6.05766900896535e-05,False
SE8S60,6.05766900896535e-05,False
SE0N11,6.05766900896535e-05,False
SE8S64,6.05766900896535e-05,False
SE8S76,6.05766900896535e-05,False
SE0M99,6.05766900896535e-05,False
SE8T21,6.05766900896535e-05,False
SE0M92,6.05766900896535e-05,False
SE99Q0,6.05766900896535e-05,False
SE99P7,6.05766900896535e-05,False
SE8T62,6.05766900896535e-05,False
SE0M74,6.05766900896535e-05,False
SE8U88,6.05766900896535e-05,False
SE04G8,6.05766900896535e-05,False
SE8U89,6.05766900896535e-05,False
SE0M45,6.05766900896535e-05,False
SE8V27,6.05766900896535e-05,False
SE8V44,6.05766900896535e-05,False
SE99O7,6.05766900896535e-05,False
SE8V62,6.05766900896535e-05,False
SE0M01,6.05766900896535e-05,False
SE8Y36,6.05766900896535e-05,False
SE99L4,6.05766900896535e-05,False
SE0K62,6.05766900896535e-05,False
SE04G7,6.05766900896535e-05,False
SE08Q0,6.05766900896535e-05,False
SE98R9,6.05766900896535e-05,False
SE130B,6.05766900896535e-05,False
SE04K5,6.05766900896535e-05,False
SE94K5,6.05766900896535e-05,False
SE94K6,6.05766900896535e-05,False
SE06J2,6.05766900896535e-05,False
SE06J1,6.05766900896535e-05,False
SE95F9,6.05766900896535e-05,False
SE95N9,6.05766900896535e-05,False
SE06H8,6.05766900896535e-05,False
SE05U0,6.05766900896535e-05,False
SE05K6,6.05766900896535e-05,False
SE96G8,6.05766900896535e-05,False
SE05F6,6.05766900896535e-05,False
SE96J8,6.05766900896535e-05,False
SE06U8,6.05766900896535e-05,False
SE04L1,6.05766900896535e-05,False
SE96L3,6.05766900896535e-05,False
SE96M3,6.05766900896535e-05,False
SE05B3,6.05766900896535e-05,False
SE96N0,6.05766900896535e-05,False
SE04L2,6.05766900896535e-05,False
SE05B1,6.05766900896535e-05,False
SE053C,6.05766900896535e-05,False
SE050C,6.05766900896535e-05,False
SE97J4,6.05766900896535e-05,False
SE973A,6.05766900896535e-05,False
SE06K8,6.05766900896535e-05,False
SE071B,6.05766900896535e-05,False
SE08P0,6.05766900896535e-05,False
SE98N9,6.05766900896535e-05,False
SE08N4,6.05766900896535e-05,False
SE92G4,6.05766900896535e-05,False
SE92I8,6.05766900896535e-05,False
SE92J9,6.05766900896535e-05,False
SE92P3,6.05766900896535e-05,False
SE98O4,6.05766900896535e-05,False
SE92P8,6.05766900896535e-05,False
SE92X6,6.05766900896535e-05,False
SE08F5,6.05766900896535e-05,False
SE93A3,6.05766900896535e-05,False
SE07Y7,6.05766900896535e-05,False
SE07V6,6.05766900896535e-05,False
SE94B4,6.05766900896535e-05,False
SE98D8,6.05766900896535e-05,False
SE07S7,6.05766900896535e-05,False
SE07M6,6.05766900896535e-05,False
SE93I6,6.05766900896535e-05,False
SE07I2,6.05766900896535e-05,False
SE07F2,6.05766900896535e-05,False
SE93U1,6.05766900896535e-05,False
SE942A,6.05766900896535e-05,False
SE947A,6.05766900896535e-05,False
SE97T1,6.05766900896535e-05,False
SE07A5,6.05766900896535e-05,False
SE99T1,6.05766900896535e-05,False
SE8S50,6.05766900896535e-05,False
SE0N20,6.05766900896535e-05,False
SE02P1,6.05766900896535e-05,False
SE88A1,6.05766900896535e-05,False
SE128B,6.05766900896535e-05,False
SE120B,6.05766900896535e-05,False
SE88I2,6.05766900896535e-05,False
SE11R5,6.05766900896535e-05,False
SE10W1,6.05766900896535e-05,False
SE9I86,6.05766900896535e-05,False
SE10V6,6.05766900896535e-05,False
SE02N4,6.05766900896535e-05,False
SE10A6,6.05766900896535e-05,False
SE891A,6.05766900896535e-05,False
SE89A8,6.05766900896535e-05,False
SE129B,6.05766900896535e-05,False
SE035C,6.05766900896535e-05,False
SE03B5,6.05766900896535e-05,False
SE89D4,6.05766900896535e-05,False
SE89F6,6.05766900896535e-05,False
SE03C8,6.05766900896535e-05,False
SE89K7,6.05766900896535e-05,False
SE03K0,6.05766900896535e-05,False
SE0X66,6.05766900896535e-05,False
SE0W99,6.05766900896535e-05,False
SE9H66,6.05766900896535e-05,False
SE0V36,6.05766900896535e-05,False
SE87Z4,6.05766900896535e-05,False
SE87L2,6.05766900896535e-05,False
SE8R87,6.05766900896535e-05,False
SE86P2,6.05766900896535e-05,False
SE85Q7,6.05766900896535e-05,False
SE85W9,6.05766900896535e-05,False
SE86C4,6.05766900896535e-05,False
SE86F4,6.05766900896535e-05,False
SE86K6,6.05766900896535e-05,False
SE12Q0,6.05766900896535e-05,False
SE9K17,6.05766900896535e-05,False
SE9K16,6.05766900896535e-05,False
SE9K01,6.05766900896535e-05,False
SE9J62,6.05766900896535e-05,False
SE86M2,6.05766900896535e-05,False
SE86T2,6.05766900896535e-05,False
SE12B7,6.05766900896535e-05,False
SE12M1,6.05766900896535e-05,False
SE86V5,6.05766900896535e-05,False
SE02H6,6.05766900896535e-05,False
SE877A,6.05766900896535e-05,False
SE877B,6.05766900896535e-05,False
SE02M4,6.05766900896535e-05,False
SE12J3,6.05766900896535e-05,False
SE87D5,6.05766900896535e-05,False
SE87E2,6.05766900896535e-05,False
SE9J04,6.05766900896535e-05,False
SE87J5,6.05766900896535e-05,False
SE0U71,6.05766900896535e-05,False
SE89Z2,6.05766900896535e-05,False
SE0U47,6.05766900896535e-05,False
SE04A7,6.05766900896535e-05,False
SE0Q74,6.05766900896535e-05,False
SE9G61,6.05766900896535e-05,False
SE0Q57,6.05766900896535e-05,False
SE8M89,6.05766900896535e-05,False
SE8N22,6.05766900896535e-05,False
SE8N28,6.05766900896535e-05,False
SE8O35,6.05766900896535e-05,False
SE8O43,6.05766900896535e-05,False
SE0P71,6.05766900896535e-05,False
SE8O80,6.05766900896535e-05,False
SE9G60,6.05766900896535e-05,False
SE8P09,6.05766900896535e-05,False
SE0U17,6.05766900896535e-05,False
SE9G19,6.05766900896535e-05,False
SE8P82,6.05766900896535e-05,False
SE0P02,6.05766900896535e-05,False
SE8Q11,6.05766900896535e-05,False
SE0O59,6.05766900896535e-05,False
SE0O56,6.05766900896535e-05,False
SE8R05,6.05766900896535e-05,False
SE0N88,6.05766900896535e-05,False
SE8R55,6.05766900896535e-05,False
SE8R67,6.05766900896535e-05,False
SE8R82,6.05766900896535e-05,False
SE8M13,6.05766900896535e-05,False
SE8M12,6.05766900896535e-05,False
SE0S18,6.05766900896535e-05,False
SE8M01,6.05766900896535e-05,False
SE8E60,6.05766900896535e-05,False
SE9H34,6.05766900896535e-05,False
SE76W6,6.05766900896535e-05,False
SE8I19,6.05766900896535e-05,False
SE8I28,6.05766900896535e-05,False
SE8I29,6.05766900896535e-05,False
SE8I37,6.05766900896535e-05,False
SE8I61,6.05766900896535e-05,False
SE9H29,6.05766900896535e-05,False
SE8I78,6.05766900896535e-05,False
SE03N9,6.05766900896535e-05,False
SE8I94,6.05766900896535e-05,False
SE0T44,6.05766900896535e-05,False
SE0T16,6.05766900896535e-05,False
SE0T14,6.05766900896535e-05,False
SE8J74,6.05766900896535e-05,False
SE9G81,6.05766900896535e-05,False
SE8K19,6.05766900896535e-05,False
SE0S62,6.05766900896535e-05,False
SE03X6,6.05766900896535e-05,False
SE8K29,6.05766900896535e-05,False
SE8K83,6.05766900896535e-05,False
SE8L22,6.05766900896535e-05,False
SE77A9,6.05766900896535e-05,False
SE22U2,6.05766900896535e-05,False
SE20B8,6.05766900896535e-05,False
SE56Y2,6.05766900896535e-05,False
SE39N5,6.05766900896535e-05,False
SE57A6,6.05766900896535e-05,False
SE57A9,6.05766900896535e-05,False
SE395B,6.05766900896535e-05,False
SE38U9,6.05766900896535e-05,False
SE38T1,6.05766900896535e-05,False
SE57J6,6.05766900896535e-05,False
SE38Q1,6.05766900896535e-05,False
SE38P1,6.05766900896535e-05,False
SE57U9,6.05766900896535e-05,False
SE583A,6.05766900896535e-05,False
SE38K1,6.05766900896535e-05,False
SE38G1,6.05766900896535e-05,False
SE58I7,6.05766900896535e-05,False
SE38F2,6.05766900896535e-05,False
SE58S0,6.05766900896535e-05,False
SE58S5,6.05766900896535e-05,False
SE58S6,6.05766900896535e-05,False
SE382C,6.05766900896535e-05,False
SE59D9,6.05766900896535e-05,False
SE59F7,6.05766900896535e-05,False
SE59H0,6.05766900896535e-05,False
SE37U7,6.05766900896535e-05,False
SE37N3,6.05766900896535e-05,False
SE37K9,6.05766900896535e-05,False
SE59U9,6.05766900896535e-05,False
SE37K8,6.05766900896535e-05,False
SE39R9,6.05766900896535e-05,False
SE56U7,6.05766900896535e-05,False
SE3S04,6.05766900896535e-05,False
SE39T6,6.05766900896535e-05,False
SE3R97,6.05766900896535e-05,False
SE3R96,6.05766900896535e-05,False
SE53Q2,6.05766900896535e-05,False
SE3R94,6.05766900896535e-05,False
SE54B2,6.05766900896535e-05,False
SE54B6,6.05766900896535e-05,False
SE54H8,6.05766900896535e-05,False
SE3Q47,6.05766900896535e-05,False
SE54J5,6.05766900896535e-05,False
SE3Q14,6.05766900896535e-05,False
SE3Q11,6.05766900896535e-05,False
SE55A9,6.05766900896535e-05,False
SE55D3,6.05766900896535e-05,False
SE55D4,6.05766900896535e-05,False
SE3P47,6.05766900896535e-05,False
SE3P21,6.05766900896535e-05,False
SE55L9,6.05766900896535e-05,False
SE55M3,6.05766900896535e-05,False
SE55M7,6.05766900896535e-05,False
SE3P10,6.05766900896535e-05,False
SE55W9,6.05766900896535e-05,False
SE3N19,6.05766900896535e-05,False
SE56B8,6.05766900896535e-05,False
SE3N08,6.05766900896535e-05,False
SE3M83,6.05766900896535e-05,False
SE3J14,6.05766900896535e-05,False
SE3I25,6.05766900896535e-05,False
SE59X7,6.05766900896535e-05,False
SE59Z0,6.05766900896535e-05,False
SE37J7,6.05766900896535e-05,False
SE37B9,6.05766900896535e-05,False
SE5S00,6.05766900896535e-05,False
SE34H8,6.05766900896535e-05,False
SE33W0,6.05766900896535e-05,False
SE5T23,6.05766900896535e-05,False
SE33V8,6.05766900896535e-05,False
SE5T66,6.05766900896535e-05,False
SE33T3,6.05766900896535e-05,False
SE5T94,6.05766900896535e-05,False
SE5U13,6.05766900896535e-05,False
SE5U17,6.05766900896535e-05,False
SE5U22,6.05766900896535e-05,False
SE5U34,6.05766900896535e-05,False
SE5V04,6.05766900896535e-05,False
SE5V07,6.05766900896535e-05,False
SE5V22,6.05766900896535e-05,False
SE5V27,6.05766900896535e-05,False
SE5V39,6.05766900896535e-05,False
SE33P3,6.05766900896535e-05,False
SE33N5,6.05766900896535e-05,False
SE5V66,6.05766900896535e-05,False
SE33K4,6.05766900896535e-05,False
SE5W67,6.05766900896535e-05,False
SE5W77,6.05766900896535e-05,False
SE33K3,6.05766900896535e-05,False
SE33E7,6.05766900896535e-05,False
SE5W87,6.05766900896535e-05,False
SE5X19,6.05766900896535e-05,False
SE5R92,6.05766900896535e-05,False
SE34Y8,6.05766900896535e-05,False
SE34Z9,6.05766900896535e-05,False
SE5K16,6.05766900896535e-05,False
SE36U4,6.05766900896535e-05,False
SE36C7,6.05766900896535e-05,False
SE35Y6,6.05766900896535e-05,False
SE5I07,6.05766900896535e-05,False
SE5I16,6.05766900896535e-05,False
SE5I63,6.05766900896535e-05,False
SE35V2,6.05766900896535e-05,False
SE35N4,6.05766900896535e-05,False
SE5J27,6.05766900896535e-05,False
SE5J33,6.05766900896535e-05,False
SE5J94,6.05766900896535e-05,False
SE5K06,6.05766900896535e-05,False
SE5K28,6.05766900896535e-05,False
SE5R35,6.05766900896535e-05,False
SE5L41,6.05766900896535e-05,False
SE5L71,6.05766900896535e-05,False
SE5L72,6.05766900896535e-05,False
SE35M2,6.05766900896535e-05,False
SE5N01,6.05766900896535e-05,False
SE5N24,6.05766900896535e-05,False
SE35L5,6.05766900896535e-05,False
SE35K6,6.05766900896535e-05,False
SE35A4,6.05766900896535e-05,False
SE5Q63,6.05766900896535e-05,False
SE5Q71,6.05766900896535e-05,False
SE359C,6.05766900896535e-05,False
SE53M3,6.05766900896535e-05,False
SE3S40,6.05766900896535e-05,False
SE5X99,6.05766900896535e-05,False
SE4G33,6.05766900896535e-05,False
SE4G81,6.05766900896535e-05,False
SE44O6,6.05766900896535e-05,False
SE44I6,6.05766900896535e-05,False
SE44H4,6.05766900896535e-05,False
SE44H2,6.05766900896535e-05,False
SE44B7,6.05766900896535e-05,False
SE4I85,6.05766900896535e-05,False
SE43X9,6.05766900896535e-05,False
SE4I94,6.05766900896535e-05,False
SE43V9,6.05766900896535e-05,False
SE4K07,6.05766900896535e-05,False
SE4K36,6.05766900896535e-05,False
SE4K38,6.05766900896535e-05,False
SE43N2,6.05766900896535e-05,False
SE4K71,6.05766900896535e-05,False
SE43B9,6.05766900896535e-05,False
SE43A5,6.05766900896535e-05,False
SE4L67,6.05766900896535e-05,False
SE42N4,6.05766900896535e-05,False
SE4M18,6.05766900896535e-05,False
SE4M66,6.05766900896535e-05,False
SE42M7,6.05766900896535e-05,False
SE4P16,6.05766900896535e-05,False
SE4Q35,6.05766900896535e-05,False
SE4Q84,6.05766900896535e-05,False
SE4R01,6.05766900896535e-05,False
SE423A,6.05766900896535e-05,False
SE4G77,6.05766900896535e-05,False
SE4G25,6.05766900896535e-05,False
SE52X9,6.05766900896535e-05,False
SE45J1,6.05766900896535e-05,False
SE46X9,6.05766900896535e-05,False
SE47J0,6.05766900896535e-05,False
SE46U7,6.05766900896535e-05,False
SE47M3,6.05766900896535e-05,False
SE47X6,6.05766900896535e-05,False
SE485A,6.05766900896535e-05,False
SE46L9,6.05766900896535e-05,False
SE46L0,6.05766900896535e-05,False
SE48I3,6.05766900896535e-05,False
SE48I4,6.05766900896535e-05,False
SE46J2,6.05766900896535e-05,False
SE48K4,6.05766900896535e-05,False
SE46G2,6.05766900896535e-05,False
SE46G1,6.05766900896535e-05,False
SE46B0,6.05766900896535e-05,False
SE46A9,6.05766900896535e-05,False
SE45X1,6.05766900896535e-05,False
SE45U8,6.05766900896535e-05,False
SE49C3,6.05766900896535e-05,False
SE49F7,6.05766900896535e-05,False
SE45U7,6.05766900896535e-05,False
SE45U5,6.05766900896535e-05,False
SE45T8,6.05766900896535e-05,False
SE45K7,6.05766900896535e-05,False
SE49T6,6.05766900896535e-05,False
SE49W5,6.05766900896535e-05,False
SE49X1,6.05766900896535e-05,False
SE4R78,6.05766900896535e-05,False
SE4R85,6.05766900896535e-05,False
SE420A,6.05766900896535e-05,False
SE41V8,6.05766900896535e-05,False
SE4Y37,6.05766900896535e-05,False
SE3W89,6.05766900896535e-05,False
SE3V79,6.05766900896535e-05,False
SE4Y97,6.05766900896535e-05,False
SE4Z31,6.05766900896535e-05,False
SE4Z35,6.05766900896535e-05,False
SE4Z81,6.05766900896535e-05,False
SE4Z88,6.05766900896535e-05,False
SE507B,6.05766900896535e-05,False
SE3U97,6.05766900896535e-05,False
SE50B3,6.05766900896535e-05,False
SE50M0,6.05766900896535e-05,False
SE3U44,6.05766900896535e-05,False
SE50U5,6.05766900896535e-05,False
SE3T83,6.05766900896535e-05,False
SE51F5,6.05766900896535e-05,False
SE3T77,6.05766900896535e-05,False
SE51M0,6.05766900896535e-05,False
SE3T39,6.05766900896535e-05,False
SE51S8,6.05766900896535e-05,False
SE51U0,6.05766900896535e-05,False
SE51U5,6.05766900896535e-05,False
SE51Y0,6.05766900896535e-05,False
SE3S58,6.05766900896535e-05,False
SE52J4,6.05766900896535e-05,False
SE52K9,6.05766900896535e-05,False
SE3S57,6.05766900896535e-05,False
SE4Y34,6.05766900896535e-05,False
SE4Y32,6.05766900896535e-05,False
SE4X17,6.05766900896535e-05,False
SE40K6,6.05766900896535e-05,False
SE41S1,6.05766900896535e-05,False
SE41L9,6.05766900896535e-05,False
SE41L4,6.05766900896535e-05,False
SE41J7,6.05766900896535e-05,False
SE41H9,6.05766900896535e-05,False
SE4S63,6.05766900896535e-05,False
SE4S76,6.05766900896535e-05,False
055,6.05766900896535e-05,False
SE41H0,6.05766900896535e-05,False
SE41E4,6.05766900896535e-05,False
SE41B3,6.05766900896535e-05,False
SE413B,6.05766900896535e-05,False
SE4V11,6.05766900896535e-05,False
SE4X13,6.05766900896535e-05,False
SE40H9,6.05766900896535e-05,False
SE40G4,6.05766900896535e-05,False
SE4V20,6.05766900896535e-05,False
SE4V35,6.05766900896535e-05,False
SE4V55,6.05766900896535e-05,False
SE4V71,6.05766900896535e-05,False
SE40B5,6.05766900896535e-05,False
SE4V98,6.05766900896535e-05,False
SE4W06,6.05766900896535e-05,False
SE3Y72,6.05766900896535e-05,False
SE3Y27,6.05766900896535e-05,False
SE4X05,6.05766900896535e-05,False
SE33B6,6.05766900896535e-05,False
SE33B5,6.05766900896535e-05,False
SE76U9,6.05766900896535e-05,False
SE27J1,6.05766900896535e-05,False
SE6T77,6.05766900896535e-05,False
SE6T92,6.05766900896535e-05,False
SE26Q1,6.05766900896535e-05,False
SE26K9,6.05766900896535e-05,False
SE6U85,6.05766900896535e-05,False
SE6U90,6.05766900896535e-05,False
SE26I1,6.05766900896535e-05,False
SE6V62,6.05766900896535e-05,False
SE26E5,6.05766900896535e-05,False
SE26D6,6.05766900896535e-05,False
SE6V95,6.05766900896535e-05,False
SE6V96,6.05766900896535e-05,False
SE6V97,6.05766900896535e-05,False
SE6V99,6.05766900896535e-05,False
SE6W14,6.05766900896535e-05,False
SE6W94,6.05766900896535e-05,False
SE6Y73,6.05766900896535e-05,False
SE26B0,6.05766900896535e-05,False
SE267B,6.05766900896535e-05,False
SE25Z0,6.05766900896535e-05,False
SE25S8,6.05766900896535e-05,False
SE6Z69,6.05766900896535e-05,False
SE25M5,6.05766900896535e-05,False
SE70A9,6.05766900896535e-05,False
SE70G6,6.05766900896535e-05,False
SE70H4,6.05766900896535e-05,False
SE70H9,6.05766900896535e-05,False
SE26S0,6.05766900896535e-05,False
SE6S50,6.05766900896535e-05,False
SE2I80,6.05766900896535e-05,False
SE27K3,6.05766900896535e-05,False
SE6J09,6.05766900896535e-05,False
SE29U3,6.05766900896535e-05,False
SE6J67,6.05766900896535e-05,False
SE6J98,6.05766900896535e-05,False
SE29J5,6.05766900896535e-05,False
SE6K67,6.05766900896535e-05,False
SE6K71,6.05766900896535e-05,False
SE6K84,6.05766900896535e-05,False
SE6L18,6.05766900896535e-05,False
SE6L99,6.05766900896535e-05,False
SE6M35,6.05766900896535e-05,False
SE29J0,6.05766900896535e-05,False
SE29B7,6.05766900896535e-05,False
SE29B1,6.05766900896535e-05,False
SE6N04,6.05766900896535e-05,False
SE28V1,6.05766900896535e-05,False
SE6N77,6.05766900896535e-05,False
SE28N6,6.05766900896535e-05,False
SE6P73,6.05766900896535e-05,False
SE6P96,6.05766900896535e-05,False
SE6P97,6.05766900896535e-05,False
SE6P98,6.05766900896535e-05,False
SE6Q81,6.05766900896535e-05,False
SE28B5,6.05766900896535e-05,False
SE281A,6.05766900896535e-05,False
SE6R77,6.05766900896535e-05,False
SE27R4,6.05766900896535e-05,False
SE70O7,6.05766900896535e-05,False
SE24Z4,6.05766900896535e-05,False
SE70T3,6.05766900896535e-05,False
SE70T5,6.05766900896535e-05,False
SE22I5,6.05766900896535e-05,False
SE745A,6.05766900896535e-05,False
SE747B,6.05766900896535e-05,False
SE74A5,6.05766900896535e-05,False
SE22C0,6.05766900896535e-05,False
SE74A7,6.05766900896535e-05,False
SE22B5,6.05766900896535e-05,False
SE223A,6.05766900896535e-05,False
SE21S7,6.05766900896535e-05,False
SE74U1,6.05766900896535e-05,False
SE74W5,6.05766900896535e-05,False
SE21S3,6.05766900896535e-05,False
SE21D4,6.05766900896535e-05,False
SE75D4,6.05766900896535e-05,False
SE21B7,6.05766900896535e-05,False
SE75J6,6.05766900896535e-05,False
SE75N7,6.05766900896535e-05,False
SE219A,6.05766900896535e-05,False
SE76B3,6.05766900896535e-05,False
SE76B5,6.05766900896535e-05,False
SE76H1,6.05766900896535e-05,False
SE214C,6.05766900896535e-05,False
SE20T6,6.05766900896535e-05,False
SE20R3,6.05766900896535e-05,False
SE20Q4,6.05766900896535e-05,False
SE76U5,6.05766900896535e-05,False
SE20L0,6.05766900896535e-05,False
SE73U8,6.05766900896535e-05,False
SE22J3,6.05766900896535e-05,False
SE73T8,6.05766900896535e-05,False
SE72P4,6.05766900896535e-05,False
SE24W8,6.05766900896535e-05,False
SE24S9,6.05766900896535e-05,False
SE71G7,6.05766900896535e-05,False
SE71H0,6.05766900896535e-05,False
SE71J3,6.05766900896535e-05,False
SE71T6,6.05766900896535e-05,False
SE24G0,6.05766900896535e-05,False
SE24B4,6.05766900896535e-05,False
SE249A,6.05766900896535e-05,False
SE72D5,6.05766900896535e-05,False
SE23N8,6.05766900896535e-05,False
SE23C8,6.05766900896535e-05,False
SE23C0,6.05766900896535e-05,False
SE22N0,6.05766900896535e-05,False
SE72U9,6.05766900896535e-05,False
SE72X1,6.05766900896535e-05,False
SE23B0,6.05766900896535e-05,False
SE239A,6.05766900896535e-05,False
SE73B6,6.05766900896535e-05,False
SE22W9,6.05766900896535e-05,False
SE473A,6.05766900896535e-05,False
SE22U1,6.05766900896535e-05,False
SE73H5,6.05766900896535e-05,False
SE22S8,6.05766900896535e-05,False
SE22Q8,6.05766900896535e-05,False
SE73M1,6.05766900896535e-05,False
SE29W7,6.05766900896535e-05,False
SE2J26,6.05766900896535e-05,False
SE33B2,6.05766900896535e-05,False
SE63D2,6.05766900896535e-05,False
SE63I7,6.05766900896535e-05,False
SE63K5,6.05766900896535e-05,False
SE31C7,6.05766900896535e-05,False
SE63L7,6.05766900896535e-05,False
SE63M1,6.05766900896535e-05,False
SE63P1,6.05766900896535e-05,False
SE63P2,6.05766900896535e-05,False
SE30U8,6.05766900896535e-05,False
SE63W1,6.05766900896535e-05,False
SE63X2,6.05766900896535e-05,False
SE64B2,6.05766900896535e-05,False
SE64G1,6.05766900896535e-05,False
SE64I0,6.05766900896535e-05,False
SE64I9,6.05766900896535e-05,False
SE64M2,6.05766900896535e-05,False
SE64M9,6.05766900896535e-05,False
SE64N5,6.05766900896535e-05,False
SE30B6,6.05766900896535e-05,False
SE64T9,6.05766900896535e-05,False
SE64X6,6.05766900896535e-05,False
SE64Z6,6.05766900896535e-05,False
SE30B4,6.05766900896535e-05,False
SE65B4,6.05766900896535e-05,False
SE306B,6.05766900896535e-05,False
SE65C8,6.05766900896535e-05,False
SE300A,6.05766900896535e-05,False
SE2Y92,6.05766900896535e-05,False
SE31E6,6.05766900896535e-05,False
SE63B9,6.05766900896535e-05,False
SE6I66,6.05766900896535e-05,False
SE63B7,6.05766900896535e-05,False
SE5Z40,6.05766900896535e-05,False
SE5Z91,6.05766900896535e-05,False
SE336B,6.05766900896535e-05,False
SE60G2,6.05766900896535e-05,False
SE32M3,6.05766900896535e-05,False
SE60M4,6.05766900896535e-05,False
SE32L6,6.05766900896535e-05,False
SE614A,6.05766900896535e-05,False
SE61A4,6.05766900896535e-05,False
SE61A5,6.05766900896535e-05,False
SE32J5,6.05766900896535e-05,False
SE61B3,6.05766900896535e-05,False
SE31W6,6.05766900896535e-05,False
SE61S9,6.05766900896535e-05,False
SE61W0,6.05766900896535e-05,False
SE623A,6.05766900896535e-05,False
SE627A,6.05766900896535e-05,False
SE62A7,6.05766900896535e-05,False
SE31L4,6.05766900896535e-05,False
SE31L2,6.05766900896535e-05,False
SE62I7,6.05766900896535e-05,False
SE62Q5,6.05766900896535e-05,False
SE62X6,6.05766900896535e-05,False
SE31K1,6.05766900896535e-05,False
SE637B,6.05766900896535e-05,False
SE31J2,6.05766900896535e-05,False
SE63B4,6.05766900896535e-05,False
SE2Y25,6.05766900896535e-05,False
SE65R6,6.05766900896535e-05,False
SE2W42,6.05766900896535e-05,False
SE2V85,6.05766900896535e-05,False
SE2P91,6.05766900896535e-05,False
SE68V8,6.05766900896535e-05,False
SE2P90,6.05766900896535e-05,False
SE2P89,6.05766900896535e-05,False
SE69A2,6.05766900896535e-05,False
SE69F4,6.05766900896535e-05,False
SE69J3,6.05766900896535e-05,False
SE69N8,6.05766900896535e-05,False
SE2P56,6.05766900896535e-05,False
SE2M81,6.05766900896535e-05,False
SE2M22,6.05766900896535e-05,False
SE2M20,6.05766900896535e-05,False
SE69U4,6.05766900896535e-05,False
SE2L83,6.05766900896535e-05,False
SE69U8,6.05766900896535e-05,False
SE6F10,6.05766900896535e-05,False
SE2K81,6.05766900896535e-05,False
SE2K35,6.05766900896535e-05,False
SE2K21,6.05766900896535e-05,False
SE6H55,6.05766900896535e-05,False
SE2K17,6.05766900896535e-05,False
SE6H66,6.05766900896535e-05,False
SE2J98,6.05766900896535e-05,False
SE6I07,6.05766900896535e-05,False
SE2J81,6.05766900896535e-05,False
SE6I43,6.05766900896535e-05,False
SE2J73,6.05766900896535e-05,False
SE2Q10,6.05766900896535e-05,False
SE68M8,6.05766900896535e-05,False
SE68J4,6.05766900896535e-05,False
SE66S0,6.05766900896535e-05,False
SE65S9,6.05766900896535e-05,False
SE2U56,6.05766900896535e-05,False
SE65T9,6.05766900896535e-05,False
SE2U07,6.05766900896535e-05,False
SE66A4,6.05766900896535e-05,False
SE66B1,6.05766900896535e-05,False
SE2T82,6.05766900896535e-05,False
SE66G2,6.05766900896535e-05,False
SE2S96,6.05766900896535e-05,False
SE2S83,6.05766900896535e-05,False
SE66N9,6.05766900896535e-05,False
SE66R3,6.05766900896535e-05,False
SE66T2,6.05766900896535e-05,False
SE68J1,6.05766900896535e-05,False
SE66U3,6.05766900896535e-05,False
SE2S62,6.05766900896535e-05,False
SE2S25,6.05766900896535e-05,False
SE2S17,6.05766900896535e-05,False
SE67L6,6.05766900896535e-05,False
SE67Y2,6.05766900896535e-05,False
SE2Q96,6.05766900896535e-05,False
SE67Y5,6.05766900896535e-05,False
SE688A,6.05766900896535e-05,False
SE68D3,6.05766900896535e-05,False
SE68D4,6.05766900896535e-05,False
SE2Q51,6.05766900896535e-05,False
SE4T01,6.05766900896535e-05,False
